"Index", "Height", "Weight"
1, 65.78331, 112.9925
2, 71.51521, 136.4873
3, 69.39874, 153.0269
